sep=,
"","Reaction Mix","Target","Sample/NTC/Control","Type","Concentration (copies/µL)","CI (95%)","Partitions (valid)","Partitions (positive)","Partitions (negative)","Threshold"
"A1","uncsgpl","unc snp","si epb01","Sample","7.8","43.6%","8252","21","8231","-"
"A1","uncsgpl","unc wt","si epb01","Sample","4.8","56.2%","8250","13","8237","-"
"A1","uncsgpl","vsir snp","si epb01","Sample","2.6","78.9%","8251","7","8244","-"
"A1","uncsgpl","vsir wt","si epb01","Sample","0.370","274%","8252","1","8251","-"
"A2","uncsgpl","unc snp","si epb02","Sample","6.4","48.9%","8253","17","8236","-"
"A2","uncsgpl","unc wt","si epb02","Sample","5.7","52.2%","8248","15","8233","-"
"A2","uncsgpl","vsir snp","si epb02","Sample","0.376","274.5%","8253","1","8252","-"
"A2","uncsgpl","vsir wt","si epb02","Sample","0.753","168.7%","8253","2","8251","-"
"A3","uncsgpl","unc snp","si epb03","Sample","2.3","86.1%","8251","6","8245","-"
"A3","uncsgpl","unc wt","si epb03","Sample","1.1","130%","8251","3","8248","-"
"A3","uncsgpl","vsir snp","si epb03","Sample","0.378","274.3%","8250","1","8249","-"
"A3","uncsgpl","vsir wt","si epb03","Sample","0.378","274.3%","8251","1","8250","-"
"A4","uncsgpl","unc snp","si epb04","Sample","0.377","274.9%","8269","1","8268","-"
"A4","uncsgpl","unc wt","si epb04","Sample","1.5","109.3%","8268","4","8264","-"
"A4","uncsgpl","vsir snp","si epb04","Sample","0.0","-","8264","0","8264","-"
"A4","uncsgpl","vsir wt","si epb04","Sample","0.0","-","8269","0","8269","-"
"A5","uncsgpl","unc snp","si epb05","Sample","1.1","130.1%","8252","3","8249","-"
"A5","uncsgpl","unc wt","si epb05","Sample","0.756","168.8%","8250","2","8248","-"
"A5","uncsgpl","vsir snp","si epb05","Sample","1.5","109.2%","8252","4","8248","-"
"A5","uncsgpl","vsir wt","si epb05","Sample","0.378","274.7%","8252","1","8251","-"
"A6","uncsgpl","unc snp","si epb06","Sample","0.0","-","8255","0","8255","-"
"A6","uncsgpl","unc wt","si epb06","Sample","0.0","-","8255","0","8255","-"
"A6","uncsgpl","vsir snp","si epb06","Sample","0.0","-","8255","0","8255","-"
"A6","uncsgpl","vsir wt","si epb06","Sample","0.0","-","8255","0","8255","-"
"A7","uncsgpl","unc snp","si unc01","Sample","0.772","168.3%","8229","2","8227","-"
"A7","uncsgpl","unc wt","si unc01","Sample","0.772","168.3%","8229","2","8227","-"
"A7","uncsgpl","vsir snp","si unc01","Sample","0.386","274%","8229","1","8228","-"
"A7","uncsgpl","vsir wt","si unc01","Sample","0.0","-","8229","0","8229","-"
"A8","uncsgpl","unc snp","si unc02","Sample","0.0","-","8260","0","8260","-"
"A8","uncsgpl","unc wt","si unc02","Sample","1.1","130.2%","8255","3","8252","-"
"A8","uncsgpl","vsir snp","si unc02","Sample","0.0","-","8236","0","8236","-"
"A8","uncsgpl","vsir wt","si unc02","Sample","0.375","274.9%","8257","1","8256","-"
"A9","uncsgpl","unc snp","si unc03","Sample","7.5","44.9%","8254","20","8234","-"
"A9","uncsgpl","unc wt","si unc03","Sample","4.1","61.6%","8254","11","8243","-"
"A9","uncsgpl","vsir snp","si unc03","Sample","0.753","168.7%","8254","2","8252","-"
"A9","uncsgpl","vsir wt","si unc03","Sample","0.376","274.6%","8254","1","8253","-"
"A10","uncsgpl","unc snp","si unc04","Sample","8.3","42.7%","8243","22","8221","-"
"A10","uncsgpl","unc wt","si unc04","Sample","12.5","34.6%","8239","33","8206","-"
"A10","uncsgpl","vsir snp","si unc04","Sample","2.3","86.2%","8241","6","8235","-"
"A10","uncsgpl","vsir wt","si unc04","Sample","2.3","86.2%","8246","6","8240","-"
"A11","uncsgpl","unc snp","si unc05","Sample","7.5","44.8%","8265","20","8245","-"
"A11","uncsgpl","unc wt","si unc05","Sample","6.3","48.8%","8264","17","8247","-"
"A11","uncsgpl","vsir snp","si unc05","Sample","2.6","78.9%","8261","7","8254","-"
"A11","uncsgpl","vsir wt","si unc05","Sample","1.1","129.8%","8265","3","8262","-"
"A12","uncsgpl","unc snp","si unc06","Sample","1.9","95.8%","8212","5","8207","-"
"A12","uncsgpl","unc wt","si unc06","Sample","7.5","44.9%","8207","20","8187","-"
"A12","uncsgpl","vsir snp","si unc06","Sample","1.1","130.1%","8197","3","8194","-"
"A12","uncsgpl","vsir wt","si unc06","Sample","0.374","274.7%","8212","1","8211","-"
"B1","uncsgpl","unc snp","si epb01","Sample","0.376","274.7%","8281","1","8280","-"
"B1","uncsgpl","unc wt","si epb01","Sample","1.9","95.8%","8279","5","8274","-"
"B1","uncsgpl","vsir snp","si epb01","Sample","1.5","109.2%","8280","4","8276","-"
"B1","uncsgpl","vsir wt","si epb01","Sample","0.376","274.7%","8281","1","8280","-"
"B2","uncsgpl","unc snp","si epb02","Sample","0.0","-","8260","0","8260","-"
"B2","uncsgpl","unc wt","si epb02","Sample","0.758","168.8%","8260","2","8258","-"
"B2","uncsgpl","vsir snp","si epb02","Sample","1.5","109.2%","8258","4","8254","-"
"B2","uncsgpl","vsir wt","si epb02","Sample","0.0","-","8260","0","8260","-"
"B3","uncsgpl","unc snp","si epb03","Sample","0.775","168.3%","8260","2","8258","-"
"B3","uncsgpl","unc wt","si epb03","Sample","1.6","109%","8258","4","8254","-"
"B3","uncsgpl","vsir snp","si epb03","Sample","3.1","73.2%","8240","8","8232","-"
"B3","uncsgpl","vsir wt","si epb03","Sample","0.0","-","8257","0","8257","-"
"B4","uncsgpl","unc snp","si epb04","Sample","0.0","-","8257","0","8257","-"
"B4","uncsgpl","unc wt","si epb04","Sample","1.6","109.3%","8257","4","8253","-"
"B4","uncsgpl","vsir snp","si epb04","Sample","1.2","130.2%","8257","3","8254","-"
"B4","uncsgpl","vsir wt","si epb04","Sample","0.0","-","8257","0","8257","-"
"B5","uncsgpl","unc snp","si epb05","Sample","2.7","78.9%","8252","7","8245","-"
"B5","uncsgpl","unc wt","si epb05","Sample","3.9","64.8%","8252","10","8242","-"
"B5","uncsgpl","vsir snp","si epb05","Sample","2.0","95.6%","8245","5","8240","-"
"B5","uncsgpl","vsir wt","si epb05","Sample","1.2","129.9%","8252","3","8249","-"
"B6","uncsgpl","unc snp","si epb06","Sample","0.0","-","8269","0","8269","-"
"B6","uncsgpl","unc wt","si epb06","Sample","0.390","274.5%","8269","1","8268","-"
"B6","uncsgpl","vsir snp","si epb06","Sample","0.780","168.7%","8262","2","8260","-"
"B6","uncsgpl","vsir wt","si epb06","Sample","0.0","-","8269","0","8269","-"
"B7","uncsgpl","unc snp","si unc01","Sample","0.0","-","8264","0","8264","-"
"B7","uncsgpl","unc wt","si unc01","Sample","0.0","-","8264","0","8264","-"
"B7","uncsgpl","vsir snp","si unc01","Sample","0.389","274.9%","8264","1","8263","-"
"B7","uncsgpl","vsir wt","si unc01","Sample","0.0","-","8264","0","8264","-"
"B8","uncsgpl","unc snp","si unc02","Sample","0.0","-","8264","0","8264","-"
"B8","uncsgpl","unc wt","si unc02","Sample","0.792","168.3%","8264","2","8262","-"
"B8","uncsgpl","vsir snp","si unc02","Sample","0.792","168.3%","8264","2","8262","-"
"B8","uncsgpl","vsir wt","si unc02","Sample","0.0","-","8264","0","8264","-"
"B9","uncsgpl","unc snp","si unc03","Sample","0.388","274.1%","8276","1","8275","-"
"B9","uncsgpl","unc wt","si unc03","Sample","1.2","129.9%","8276","3","8273","-"
"B9","uncsgpl","vsir snp","si unc03","Sample","0.388","274.1%","8276","1","8275","-"
"B9","uncsgpl","vsir wt","si unc03","Sample","0.0","-","8276","0","8276","-"
"B10","uncsgpl","unc snp","si unc04","Sample","4.3","61.6%","8264","11","8253","-"
"B10","uncsgpl","unc wt","si unc04","Sample","3.1","73.3%","8255","8","8247","-"
"B10","uncsgpl","vsir snp","si unc04","Sample","2.0","95.6%","8264","5","8259","-"
"B10","uncsgpl","vsir wt","si unc04","Sample","1.2","129.9%","8266","3","8263","-"
"B11","uncsgpl","unc snp","si unc05","Sample","5.4","54.2%","8270","14","8256","-"
"B11","uncsgpl","unc wt","si unc05","Sample","3.1","73.4%","8265","8","8257","-"
"B11","uncsgpl","vsir snp","si unc05","Sample","3.1","73.4%","8257","8","8249","-"
"B11","uncsgpl","vsir wt","si unc05","Sample","0.771","168.9%","8270","2","8268","-"
"B12","uncsgpl","unc snp","si unc06","Sample","1.5","109%","8252","4","8248","-"
"B12","uncsgpl","unc wt","si unc06","Sample","1.9","95.6%","8251","5","8246","-"
"B12","uncsgpl","vsir snp","si unc06","Sample","1.1","129.9%","8252","3","8249","-"
"B12","uncsgpl","vsir wt","si unc06","Sample","1.1","129.9%","8252","3","8249","-"
"C1","uncsgpl","unc snp","cb epb01","Sample","361.0","6.3%","8257","903","7354","-"
"C1","uncsgpl","unc wt","cb epb01","Sample","530.5","5.2%","8256","1292","6964","-"
"C1","uncsgpl","vsir snp","cb epb01","Sample","318.5","6.8%","8257","802","7455","-"
"C1","uncsgpl","vsir wt","cb epb01","Sample","393.4","6.1%","8257","979","7278","-"
"C2","uncsgpl","unc snp","cb epb03","Sample","278.0","7.3%","8261","690","7571","-"
"C2","uncsgpl","unc wt","cb epb03","Sample","371.5","6.3%","8261","909","7352","-"
"C2","uncsgpl","vsir snp","cb epb03","Sample","201.5","8.6%","8261","506","7755","-"
"C2","uncsgpl","vsir wt","cb epb03","Sample","255.8","7.6%","8261","637","7624","-"
"C3","uncsgpl","unc snp","cb epb04","Sample","240.0","8%","8254","588","7666","-"
"C3","uncsgpl","unc wt","cb epb04","Sample","346.4","6.6%","8254","835","7419","-"
"C3","uncsgpl","vsir snp","cb epb04","Sample","185.4","9.1%","8253","458","7795","-"
"C3","uncsgpl","vsir wt","cb epb04","Sample","235.8","8%","8253","578","7675","-"
"C4","uncsgpl","unc snp","cb epb05","Sample","330.6","6.7%","8238","803","7435","-"
"C4","uncsgpl","unc wt","cb epb05","Sample","448.5","5.8%","8238","1070","7168","-"
"C4","uncsgpl","vsir snp","cb epb05","Sample","260.7","7.6%","8238","640","7598","-"
"C4","uncsgpl","vsir wt","cb epb05","Sample","318.5","6.9%","8238","775","7463","-"
"C5","uncsgpl","unc snp","cb epb06","Sample","354.7","6.6%","8062","828","7234","-"
"C5","uncsgpl","unc wt","cb epb06","Sample","489.1","5.6%","8062","1119","6943","-"
"C5","uncsgpl","vsir snp","cb epb06","Sample","253.6","7.8%","8062","601","7461","-"
"C5","uncsgpl","vsir wt","cb epb06","Sample","311.6","7.1%","8062","732","7330","-"
"C6","uncsgpl","unc snp","cb unc02","Sample","400.8","6.2%","8267","939","7328","-"
"C6","uncsgpl","unc wt","cb unc02","Sample","526.1","5.4%","8267","1210","7057","-"
"C6","uncsgpl","vsir snp","cb unc02","Sample","241.4","8%","8267","579","7688","-"
"C6","uncsgpl","vsir wt","cb unc02","Sample","336.1","6.8%","8267","795","7472","-"
"C7","uncsgpl","unc snp","cb unc04","Sample","160.6","9.8%","8261","394","7867","-"
"C7","uncsgpl","unc wt","cb unc04","Sample","226.4","8.2%","8261","550","7711","-"
"C7","uncsgpl","vsir snp","cb unc04","Sample","109.2","11.9%","8259","270","7989","-"
"C7","uncsgpl","vsir wt","cb unc04","Sample","141.0","10.4%","8261","347","7914","-"
"C8","uncsgpl","unc snp","cb unc06","Sample","328.4","6.8%","8262","783","7479","-"
"C8","uncsgpl","unc wt","cb unc06","Sample","420.1","6%","8261","988","7273","-"
"C8","uncsgpl","vsir snp","cb unc06","Sample","215.7","8.4%","8261","523","7738","-"
"C8","uncsgpl","vsir wt","cb unc06","Sample","275.9","7.5%","8262","663","7599","-"
"C9","uncsgpl","unc snp","cb unc07","Sample","247.8","7.8%","8245","610","7635","-"
"C9","uncsgpl","unc wt","cb unc07","Sample","381.4","6.3%","8245","920","7325","-"
"C9","uncsgpl","vsir snp","cb unc07","Sample","192.5","8.8%","8245","478","7767","-"
"C9","uncsgpl","vsir wt","cb unc07","Sample","255.4","7.7%","8245","628","7617","-"
"C10","uncsgpl","unc snp","cb unc09","Sample","331.5","6.7%","8277","803","7474","-"
"C10","uncsgpl","unc wt","cb unc09","Sample","478.6","5.6%","8277","1134","7143","-"
"C10","uncsgpl","vsir snp","cb unc09","Sample","257.6","7.7%","8277","631","7646","-"
"C10","uncsgpl","vsir wt","cb unc09","Sample","321.1","6.9%","8277","779","7498","-"
"C11","uncsgpl","unc snp","cb unc10","Sample","294.1","7.1%","8258","720","7538","-"
"C11","uncsgpl","unc wt","cb unc10","Sample","488.9","5.5%","8257","1162","7095","-"
"C11","uncsgpl","vsir snp","cb unc10","Sample","257.7","7.6%","8253","634","7619","-"
"C11","uncsgpl","vsir wt","cb unc10","Sample","327.6","6.8%","8258","798","7460","-"
"C12","uncsgpl","unc snp","ntc","Sample","1.9","95.7%","8249","5","8244","-"
"C12","uncsgpl","unc wt","ntc","Sample","2.7","79%","8249","7","8242","-"
"C12","uncsgpl","vsir snp","ntc","Sample","0.0","-","8248","0","8248","-"
"C12","uncsgpl","vsir wt","ntc","Sample","0.0","-","8249","0","8249","-"
"D1","uncsgpl","unc snp","cb epb01","Sample","256.4","7.5%","8258","652","7606","-"
"D1","uncsgpl","unc wt","cb epb01","Sample","378.5","6.2%","8257","944","7313","-"
"D1","uncsgpl","vsir snp","cb epb01","Sample","234.7","7.9%","8258","599","7659","-"
"D1","uncsgpl","vsir wt","cb epb01","Sample","289.3","7.1%","8258","732","7526","-"
"D2","uncsgpl","unc snp","cb epb03","Sample","282.0","7.3%","8267","695","7572","-"
"D2","uncsgpl","unc wt","cb epb03","Sample","451.4","5.8%","8267","1084","7183","-"
"D2","uncsgpl","vsir snp","cb epb03","Sample","232.4","8%","8264","577","7687","-"
"D2","uncsgpl","vsir wt","cb epb03","Sample","291.8","7.2%","8267","718","7549","-"
"D3","uncsgpl","unc snp","cb epb04","Sample","176.8","9.3%","8251","437","7814","-"
"D3","uncsgpl","unc wt","cb epb04","Sample","477.5","5.6%","8251","1128","7123","-"
"D3","uncsgpl","vsir snp","cb epb04","Sample","255.4","7.7%","8251","624","7627","-"
"D3","uncsgpl","vsir wt","cb epb04","Sample","328.6","6.8%","8251","794","7457","-"
"D4","uncsgpl","unc snp","cb epb05","Sample","193.4","8.9%","8262","474","7788","-"
"D4","uncsgpl","unc wt","cb epb05","Sample","432.6","5.9%","8262","1023","7239","-"
"D4","uncsgpl","vsir snp","cb epb05","Sample","223.8","8.2%","8262","546","7716","-"
"D4","uncsgpl","vsir wt","cb epb05","Sample","300.2","7.1%","8262","724","7538","-"
"D5","uncsgpl","unc snp","cb epb06","Sample","391.4","6.2%","8260","931","7329","-"
"D5","uncsgpl","unc wt","cb epb06","Sample","505.0","5.5%","8260","1181","7079","-"
"D5","uncsgpl","vsir snp","cb epb06","Sample","287.9","7.3%","8255","695","7560","-"
"D5","uncsgpl","vsir wt","cb epb06","Sample","387.4","6.3%","8260","922","7338","-"
"D6","uncsgpl","unc snp","cb unc02","Sample","445.8","5.9%","8275","1050","7225","-"
"D6","uncsgpl","unc wt","cb unc02","Sample","633.1","4.9%","8274","1450","6824","-"
"D6","uncsgpl","vsir snp","cb unc02","Sample","320.0","6.9%","8275","768","7507","-"
"D6","uncsgpl","vsir wt","cb unc02","Sample","412.8","6.1%","8275","977","7298","-"
"D7","uncsgpl","unc snp","cb unc04","Sample","377.4","6.4%","8259","883","7376","-"
"D7","uncsgpl","unc wt","cb unc04","Sample","534.4","5.4%","8259","1222","7037","-"
"D7","uncsgpl","vsir snp","cb unc04","Sample","257.4","7.8%","8259","613","7646","-"
"D7","uncsgpl","vsir wt","cb unc04","Sample","347.2","6.7%","8259","816","7443","-"
"D8","uncsgpl","unc snp","cb unc06","Sample","290.5","7.3%","8274","695","7579","-"
"D8","uncsgpl","unc wt","cb unc06","Sample","412.0","6.1%","8274","968","7306","-"
"D8","uncsgpl","vsir snp","cb unc06","Sample","224.8","8.3%","8273","543","7730","-"
"D8","uncsgpl","vsir wt","cb unc06","Sample","279.2","7.4%","8274","669","7605","-"
"D9","uncsgpl","unc snp","cb unc07","Sample","102.6","12.3%","8195","252","7943","-"
"D9","uncsgpl","unc wt","cb unc07","Sample","175.8","9.4%","8195","427","7768","-"
"D9","uncsgpl","vsir snp","cb unc07","Sample","101.4","12.3%","8195","249","7946","-"
"D9","uncsgpl","vsir wt","cb unc07","Sample","119.2","11.4%","8195","292","7903","-"
"D10","uncsgpl","unc snp","cb unc09","Sample","326.9","6.8%","8271","792","7479","-"
"D10","uncsgpl","unc wt","cb unc09","Sample","582.6","5.1%","8271","1358","6913","-"
"D10","uncsgpl","vsir snp","cb unc09","Sample","333.9","6.7%","8270","808","7462","-"
"D10","uncsgpl","vsir wt","cb unc09","Sample","435.2","5.9%","8270","1037","7233","-"
"D11","uncsgpl","unc snp","cb unc10","Sample","289.0","7.2%","8256","708","7548","-"
"D11","uncsgpl","unc wt","cb unc10","Sample","473.6","5.6%","8255","1128","7127","-"
"D11","uncsgpl","vsir snp","cb unc10","Sample","225.6","8.2%","8256","558","7698","-"
"D11","uncsgpl","vsir wt","cb unc10","Sample","300.6","7.1%","8256","735","7521","-"
"D12","uncsgpl","unc snp","ntc","Sample","3.0","73.3%","8249","8","8241","-"
"D12","uncsgpl","unc wt","ntc","Sample","4.2","61.6%","8249","11","8238","-"
"D12","uncsgpl","vsir snp","ntc","Sample","0.0","-","8249","0","8249","-"
"D12","uncsgpl","vsir wt","ntc","Sample","0.0","-","8249","0","8249","-"
"E1","uncsgpl","unc snp","hrt epb02","Sample","3.1","73.3%","8258","8","8250","-"
"E1","uncsgpl","unc wt","hrt epb02","Sample","12.7","34.6%","8257","33","8224","-"
"E1","uncsgpl","vsir snp","hrt epb02","Sample","7.3","46%","8255","19","8236","-"
"E1","uncsgpl","vsir wt","hrt epb02","Sample","10.7","37.6%","8258","28","8230","-"
"E2","uncsgpl","unc snp","hrt epb03","Sample","5.9","52.2%","8239","15","8224","-"
"E2","uncsgpl","unc wt","hrt epb03","Sample","15.7","31.3%","8238","40","8198","-"
"E2","uncsgpl","vsir snp","hrt epb03","Sample","9.8","39.9%","8237","25","8212","-"
"E2","uncsgpl","vsir wt","hrt epb03","Sample","7.4","46.1%","8239","19","8220","-"
"E3","uncsgpl","unc snp","hrt epb04","Sample","2.7","78.9%","8279","7","8272","-"
"E3","uncsgpl","unc wt","hrt epb04","Sample","6.3","50.3%","8279","16","8263","-"
"E3","uncsgpl","vsir snp","hrt epb04","Sample","8.3","43.6%","8278","21","8257","-"
"E3","uncsgpl","vsir wt","hrt epb04","Sample","10.2","39.1%","8279","26","8253","-"
"E4","uncsgpl","unc snp","hrt epb05","Sample","3.6","68.6%","8265","9","8256","-"
"E4","uncsgpl","unc wt","hrt epb05","Sample","6.7","48.8%","8265","17","8248","-"
"E4","uncsgpl","vsir snp","hrt epb05","Sample","9.1","41.6%","8263","23","8240","-"
"E4","uncsgpl","vsir wt","hrt epb05","Sample","12.3","35.7%","8265","31","8234","-"
"E5","uncsgpl","unc snp","hrt epb06","Sample","0.812","168.6%","8254","2","8252","-"
"E5","uncsgpl","unc wt","hrt epb06","Sample","2.8","79%","8254","7","8247","-"
"E5","uncsgpl","vsir snp","hrt epb06","Sample","4.9","58.8%","8226","12","8214","-"
"E5","uncsgpl","vsir wt","hrt epb06","Sample","8.1","44.8%","8254","20","8234","-"
"E6","uncsgpl","unc snp","hrt unc01","Sample","2.2","95.6%","7701","5","7696","-"
"E6","uncsgpl","unc wt","hrt unc01","Sample","10.4","40.7%","7701","24","7677","-"
"E6","uncsgpl","vsir snp","hrt unc01","Sample","8.2","46%","7698","19","7679","-"
"E6","uncsgpl","vsir wt","hrt unc01","Sample","12.1","37.6%","7700","28","7672","-"
"E7","uncsgpl","unc snp","hrt unc03","Sample","1.6","109.1%","8241","4","8237","-"
"E7","uncsgpl","unc wt","hrt unc03","Sample","3.3","73.3%","8240","8","8232","-"
"E7","uncsgpl","vsir snp","hrt unc03","Sample","3.7","68.7%","8239","9","8230","-"
"E7","uncsgpl","vsir wt","hrt unc03","Sample","7.4","47.4%","8241","18","8223","-"
"E8","uncsgpl","unc snp","hrt unc04","Sample","4.5","61.5%","8251","11","8240","-"
"E8","uncsgpl","unc wt","hrt unc04","Sample","7.7","46%","8251","19","8232","-"
"E8","uncsgpl","vsir snp","hrt unc04","Sample","5.3","56.2%","8251","13","8238","-"
"E8","uncsgpl","vsir wt","hrt unc04","Sample","9.8","40.7%","8251","24","8227","-"
"E9","uncsgpl","unc snp","hrt unc05","Sample","2.8","79.1%","8186","7","8179","-"
"E9","uncsgpl","unc wt","hrt unc05","Sample","8.9","42.7%","8186","22","8164","-"
"E9","uncsgpl","vsir snp","hrt unc05","Sample","5.6","54.2%","8185","14","8171","-"
"E9","uncsgpl","vsir wt","hrt unc05","Sample","11.3","37.7%","8186","28","8158","-"
"E10","uncsgpl","unc snp","hrt unc06","Sample","6.8","48.8%","8258","17","8241","-"
"E10","uncsgpl","unc wt","hrt unc06","Sample","10.4","39.1%","8258","26","8232","-"
"E10","uncsgpl","vsir snp","hrt unc06","Sample","10.9","38.3%","8251","27","8224","-"
"E10","uncsgpl","vsir wt","hrt unc06","Sample","17.3","30.2%","8256","43","8213","-"
"E11","uncsgpl","unc snp","hrt unc08","Sample","18.5","28.9%","8258","47","8211","-"
"E11","uncsgpl","unc wt","hrt unc08","Sample","42.8","18.9%","8255","108","8147","-"
"E11","uncsgpl","vsir snp","hrt unc08","Sample","53.5","16.9%","8257","135","8122","-"
"E11","uncsgpl","vsir wt","hrt unc08","Sample","71.6","14.6%","8258","180","8078","-"
"E12","uncsgpl","unc snp","hrt unc09","Sample","27.3","24%","7785","67","7718","-"
"E12","uncsgpl","unc wt","hrt unc09","Sample","38.8","20.1%","7784","95","7689","-"
"E12","uncsgpl","vsir snp","hrt unc09","Sample","73.6","14.6%","7785","179","7606","-"
"E12","uncsgpl","vsir wt","hrt unc09","Sample","69.8","15%","7785","170","7615","-"
"F1","uncsgpl","unc snp","hrt epb02","Sample","5.4","54.1%","8257","14","8243","-"
"F1","uncsgpl","unc wt","hrt epb02","Sample","4.6","58.8%","8254","12","8242","-"
"F1","uncsgpl","vsir snp","hrt epb02","Sample","6.9","47.4%","8255","18","8237","-"
"F1","uncsgpl","vsir wt","hrt epb02","Sample","13.5","33.5%","8257","35","8222","-"
"F2","uncsgpl","unc snp","hrt epb03","Sample","2.0","95.7%","8147","5","8142","-"
"F2","uncsgpl","unc wt","hrt epb03","Sample","7.0","47.4%","8147","18","8129","-"
"F2","uncsgpl","vsir snp","hrt epb03","Sample","7.1","47.4%","8146","18","8128","-"
"F2","uncsgpl","vsir wt","hrt epb03","Sample","9.0","41.7%","8145","23","8122","-"
"F3","uncsgpl","unc snp","hrt epb04","Sample","3.9","64.9%","8272","10","8262","-"
"F3","uncsgpl","unc wt","hrt epb04","Sample","2.8","79%","8268","7","8261","-"
"F3","uncsgpl","vsir snp","hrt epb04","Sample","5.5","54.1%","8269","14","8255","-"
"F3","uncsgpl","vsir wt","hrt epb04","Sample","6.7","48.9%","8272","17","8255","-"
"F4","uncsgpl","unc snp","hrt epb05","Sample","2.8","78.9%","8271","7","8264","-"
"F4","uncsgpl","unc wt","hrt epb05","Sample","4.8","58.7%","8271","12","8259","-"
"F4","uncsgpl","vsir snp","hrt epb05","Sample","9.3","41.6%","8269","23","8246","-"
"F4","uncsgpl","vsir wt","hrt epb05","Sample","7.6","46%","8271","19","8252","-"
"F5","uncsgpl","unc snp","hrt epb06","Sample","2.0","95.6%","8247","5","8242","-"
"F5","uncsgpl","unc wt","hrt epb06","Sample","2.9","78.9%","8247","7","8240","-"
"F5","uncsgpl","vsir snp","hrt epb06","Sample","9.0","42.6%","8244","22","8222","-"
"F5","uncsgpl","vsir wt","hrt epb06","Sample","8.6","43.7%","8247","21","8226","-"
"F6","uncsgpl","unc snp","hrt unc01","Sample","0.801","168.9%","8264","2","8262","-"
"F6","uncsgpl","unc wt","hrt unc01","Sample","2.0","95.8%","8263","5","8258","-"
"F6","uncsgpl","vsir snp","hrt unc01","Sample","7.2","47.5%","8260","18","8242","-"
"F6","uncsgpl","vsir wt","hrt unc01","Sample","0.401","274.8%","8264","1","8263","-"
"F7","uncsgpl","unc snp","hrt unc03","Sample","2.4","86%","8251","6","8245","-"
"F7","uncsgpl","unc wt","hrt unc03","Sample","3.3","73.2%","8250","8","8242","-"
"F7","uncsgpl","vsir snp","hrt unc03","Sample","3.3","73.2%","8250","8","8242","-"
"F7","uncsgpl","vsir wt","hrt unc03","Sample","4.1","64.8%","8249","10","8239","-"
"F8","uncsgpl","unc snp","hrt unc04","Sample","4.0","64.8%","8269","10","8259","-"
"F8","uncsgpl","unc wt","hrt unc04","Sample","6.0","52.1%","8268","15","8253","-"
"F8","uncsgpl","vsir snp","hrt unc04","Sample","5.2","56.3%","8267","13","8254","-"
"F8","uncsgpl","vsir wt","hrt unc04","Sample","7.6","46%","8269","19","8250","-"
"F9","uncsgpl","unc snp","hrt unc05","Sample","2.0","95.6%","8241","5","8236","-"
"F9","uncsgpl","unc wt","hrt unc05","Sample","7.6","46%","8239","19","8220","-"
"F9","uncsgpl","vsir snp","hrt unc05","Sample","8.0","44.8%","8237","20","8217","-"
"F9","uncsgpl","vsir wt","hrt unc05","Sample","10.0","39.9%","8241","25","8216","-"
"F10","uncsgpl","unc snp","hrt unc06","Sample","2.0","95.8%","8268","5","8263","-"
"F10","uncsgpl","unc wt","hrt unc06","Sample","6.3","50.5%","8268","16","8252","-"
"F10","uncsgpl","vsir snp","hrt unc06","Sample","12.3","35.8%","8268","31","8237","-"
"F10","uncsgpl","vsir wt","hrt unc06","Sample","14.7","32.6%","8266","37","8229","-"
"F11","uncsgpl","unc snp","hrt unc08","Sample","36.5","20.5%","8255","92","8163","-"
"F11","uncsgpl","unc wt","hrt unc08","Sample","63.4","15.5%","8255","159","8096","-"
"F11","uncsgpl","vsir snp","hrt unc08","Sample","75.1","14.3%","8254","188","8066","-"
"F11","uncsgpl","vsir wt","hrt unc08","Sample","75.5","14.2%","8255","189","8066","-"
"F12","uncsgpl","unc snp","hrt unc09","Sample","24.3","25.5%","7893","60","7833","-"
"F12","uncsgpl","unc wt","hrt unc09","Sample","32.9","21.8%","7892","81","7811","-"
"F12","uncsgpl","vsir snp","hrt unc09","Sample","53.4","17.1%","7890","131","7759","-"
"F12","uncsgpl","vsir wt","hrt unc09","Sample","56.6","16.6%","7892","139","7753","-"
"G1","uncsgpl","unc snp","lun epb01","Sample","3.0","73.2%","8283","8","8275","-"
"G1","uncsgpl","unc wt","lun epb01","Sample","8.7","41.6%","8283","23","8260","-"
"G1","uncsgpl","vsir snp","lun epb01","Sample","24.8","24.4%","8276","65","8211","-"
"G1","uncsgpl","vsir wt","lun epb01","Sample","33.2","21%","8279","87","8192","-"
"G2","uncsgpl","unc snp","lun epb02","Sample","7.0","47.5%","8257","18","8239","-"
"G2","uncsgpl","unc wt","lun epb02","Sample","10.1","39.2%","8257","26","8231","-"
"G2","uncsgpl","vsir snp","lun epb02","Sample","53.8","16.8%","8242","137","8105","-"
"G2","uncsgpl","vsir wt","lun epb02","Sample","73.2","14.3%","8257","186","8071","-"
"G3","uncsgpl","unc snp","lun epb03","Sample","13.7","33.5%","8254","35","8219","-"
"G3","uncsgpl","unc wt","lun epb03","Sample","24.0","25.2%","8248","61","8187","-"
"G3","uncsgpl","vsir snp","lun epb03","Sample","83.4","13.4%","8253","210","8043","-"
"G3","uncsgpl","vsir wt","lun epb03","Sample","123.5","11%","8254","309","7945","-"
"G4","uncsgpl","unc snp","lun epb04","Sample","10.2","39.1%","8267","26","8241","-"
"G4","uncsgpl","unc wt","lun epb04","Sample","17.3","29.8%","8267","44","8223","-"
"G4","uncsgpl","vsir snp","lun epb04","Sample","70.5","14.6%","8257","178","8079","-"
"G4","uncsgpl","vsir wt","lun epb04","Sample","108.3","11.8%","8267","272","7995","-"
"G5","uncsgpl","unc snp","lun epb05","Sample","12.3","35.8%","8247","31","8216","-"
"G5","uncsgpl","unc wt","lun epb05","Sample","18.3","29.2%","8247","46","8201","-"
"G5","uncsgpl","vsir snp","lun epb05","Sample","87.7","13.2%","8247","218","8029","-"
"G5","uncsgpl","vsir wt","lun epb05","Sample","124.2","11.1%","8247","307","7940","-"
"G6","uncsgpl","unc snp","lun epb06","Sample","8.8","42.7%","8265","22","8243","-"
"G6","uncsgpl","unc wt","lun epb06","Sample","17.5","29.9%","8263","44","8219","-"
"G6","uncsgpl","vsir snp","lun epb06","Sample","48.9","17.8%","8263","122","8141","-"
"G6","uncsgpl","vsir wt","lun epb06","Sample","71.9","14.6%","8265","179","8086","-"
"G7","uncsgpl","unc snp","lun unc03","Sample","10.8","38.4%","8265","27","8238","-"
"G7","uncsgpl","unc wt","lun unc03","Sample","24.1","25.5%","8262","60","8202","-"
"G7","uncsgpl","vsir snp","lun unc03","Sample","70.5","14.8%","8264","174","8090","-"
"G7","uncsgpl","vsir wt","lun unc03","Sample","99.6","12.5%","8265","245","8020","-"
"G8","uncsgpl","unc snp","lun unc04","Sample","5.5","54.2%","8256","14","8242","-"
"G8","uncsgpl","unc wt","lun unc04","Sample","11.4","37%","8256","29","8227","-"
"G8","uncsgpl","vsir snp","lun unc04","Sample","32.6","21.7%","8213","82","8131","-"
"G8","uncsgpl","vsir wt","lun unc04","Sample","62.8","15.6%","8256","158","8098","-"
"G9","uncsgpl","unc snp","lun unc05","Sample","6.3","50.4%","8252","16","8236","-"
"G9","uncsgpl","unc wt","lun unc05","Sample","10.2","39.1%","8247","26","8221","-"
"G9","uncsgpl","vsir snp","lun unc05","Sample","61.1","15.7%","8250","155","8095","-"
"G9","uncsgpl","vsir wt","lun unc05","Sample","74.7","14.2%","8252","189","8063","-"
"G10","uncsgpl","unc snp","lun unc06","Sample","8.7","42.7%","8258","22","8236","-"
"G10","uncsgpl","unc wt","lun unc06","Sample","15.4","31.8%","8258","39","8219","-"
"G10","uncsgpl","vsir snp","lun unc06","Sample","66.5","15.1%","8239","167","8072","-"
"G10","uncsgpl","vsir wt","lun unc06","Sample","91.7","12.9%","8258","230","8028","-"
"G11","uncsgpl","unc snp","lun unc07","Sample","3.1","73.2%","8282","8","8274","-"
"G11","uncsgpl","unc wt","lun unc07","Sample","7.4","46%","8281","19","8262","-"
"G11","uncsgpl","vsir snp","lun unc07","Sample","27.9","23.3%","8281","71","8210","-"
"G11","uncsgpl","vsir wt","lun unc07","Sample","43.3","18.7%","8282","110","8172","-"
"G12","uncsgpl","unc snp","lun unc10","Sample","11.6","36.3%","8239","30","8209","-"
"G12","uncsgpl","unc wt","lun unc10","Sample","20.1","27.4%","8237","52","8185","-"
"G12","uncsgpl","vsir snp","lun unc10","Sample","55.6","16.4%","8239","143","8096","-"
"G12","uncsgpl","vsir wt","lun unc10","Sample","76.5","13.9%","8239","196","8043","-"
"H1","uncsgpl","unc snp","lun epb01","Sample","16.4","29.8%","8230","44","8186","-"
"H1","uncsgpl","unc wt","lun epb01","Sample","15.7","30.5%","8230","42","8188","-"
"H1","uncsgpl","vsir snp","lun epb01","Sample","22.8","25.2%","8228","61","8167","-"
"H1","uncsgpl","vsir wt","lun epb01","Sample","37.4","19.6%","8230","100","8130","-"
"H2","uncsgpl","unc snp","lun epb02","Sample","10.9","37%","8245","29","8216","-"
"H2","uncsgpl","unc wt","lun epb02","Sample","21.4","26.2%","8243","57","8186","-"
"H2","uncsgpl","vsir snp","lun epb02","Sample","48.2","17.3%","8245","128","8117","-"
"H2","uncsgpl","vsir wt","lun epb02","Sample","52.0","16.7%","8245","138","8107","-"
"H3","uncsgpl","unc snp","lun epb03","Sample","19.9","27.4%","8231","52","8179","-"
"H3","uncsgpl","unc wt","lun epb03","Sample","22.6","25.7%","8231","59","8172","-"
"H3","uncsgpl","vsir snp","lun epb03","Sample","82.0","13.4%","8187","211","7976","-"
"H3","uncsgpl","vsir wt","lun epb03","Sample","111.4","11.5%","8231","287","7944","-"
"H4","uncsgpl","unc snp","lun epb04","Sample","12.1","35.1%","8236","32","8204","-"
"H4","uncsgpl","unc wt","lun epb04","Sample","20.1","27.1%","8235","53","8182","-"
"H4","uncsgpl","vsir snp","lun epb04","Sample","72.0","14.3%","8235","188","8047","-"
"H4","uncsgpl","vsir wt","lun epb04","Sample","102.3","11.9%","8236","266","7970","-"
"H5","uncsgpl","unc snp","lun epb05","Sample","12.2","35.2%","8242","32","8210","-"
"H5","uncsgpl","unc wt","lun epb05","Sample","27.5","23.2%","8242","72","8170","-"
"H5","uncsgpl","vsir snp","lun epb05","Sample","88.5","12.9%","8242","230","8012","-"
"H5","uncsgpl","vsir wt","lun epb05","Sample","123.9","10.9%","8242","320","7922","-"
"H6","uncsgpl","unc snp","lun epb06","Sample","17.5","29.1%","8257","46","8211","-"
"H6","uncsgpl","unc wt","lun epb06","Sample","22.5","25.6%","8257","59","8198","-"
"H6","uncsgpl","vsir snp","lun epb06","Sample","59.9","15.6%","8256","156","8100","-"
"H6","uncsgpl","vsir wt","lun epb06","Sample","71.9","14.3%","8257","187","8070","-"
"H7","uncsgpl","unc snp","lun unc03","Sample","17.6","29.1%","8239","46","8193","-"
"H7","uncsgpl","unc wt","lun unc03","Sample","21.0","26.6%","8238","55","8183","-"
"H7","uncsgpl","vsir snp","lun unc03","Sample","69.4","14.5%","8239","180","8059","-"
"H7","uncsgpl","vsir wt","lun unc03","Sample","101.5","12%","8239","262","7977","-"
"H8","uncsgpl","unc snp","lun unc04","Sample","7.9","43.8%","8252","21","8231","-"
"H8","uncsgpl","unc wt","lun unc04","Sample","16.3","30.2%","8251","43","8208","-"
"H8","uncsgpl","vsir snp","lun unc04","Sample","43.4","18.4%","8252","114","8138","-"
"H8","uncsgpl","vsir wt","lun unc04","Sample","68.0","14.7%","8252","178","8074","-"
"H9","uncsgpl","unc snp","lun unc05","Sample","7.5","44.9%","8257","20","8237","-"
"H9","uncsgpl","unc wt","lun unc05","Sample","8.3","42.7%","8257","22","8235","-"
"H9","uncsgpl","vsir snp","lun unc05","Sample","57.3","15.9%","8257","151","8106","-"
"H9","uncsgpl","vsir wt","lun unc05","Sample","76.2","13.8%","8257","200","8057","-"
"H10","uncsgpl","unc snp","lun unc06","Sample","12.6","34.6%","8248","33","8215","-"
"H10","uncsgpl","unc wt","lun unc06","Sample","14.6","32.1%","8247","38","8209","-"
"H10","uncsgpl","vsir snp","lun unc06","Sample","74.2","14.1%","8209","191","8018","-"
"H10","uncsgpl","vsir wt","lun unc06","Sample","101.7","12%","8248","262","7986","-"
"H11","uncsgpl","unc snp","lun unc07","Sample","10.0","39.1%","8231","26","8205","-"
"H11","uncsgpl","unc wt","lun unc07","Sample","10.8","37.6%","8231","28","8203","-"
"H11","uncsgpl","vsir snp","lun unc07","Sample","31.3","21.9%","8224","81","8143","-"
"H11","uncsgpl","vsir wt","lun unc07","Sample","43.0","18.6%","8231","111","8120","-"
"H12","uncsgpl","unc snp","lun unc10","Sample","14.3","32.2%","8236","38","8198","-"
"H12","uncsgpl","unc wt","lun unc10","Sample","15.4","30.9%","8236","41","8195","-"
"H12","uncsgpl","vsir snp","lun unc10","Sample","51.2","16.9%","8232","135","8097","-"
"H12","uncsgpl","vsir wt","lun unc10","Sample","71.5","14.2%","8236","188","8048","-"